{
  "kind": "collectionType",
  "collectionName": "scans",
  "info": {
    "singularName": "scan",
    "pluralName": "scans",
    "displayName": "Scan",
    "description": ""
  },
  "options": {
    "draftAndPublish": false
  },
  "pluginOptions": {},
  "attributes": {
    "plantName": {
      "type": "string",
      "required": true,
      "pluginOptions": {}
    },
    "diseaseName": {
      "type": "string",
      "required": true,
      "pluginOptions": {}
    },
    "mdBlog": {
      "type": "richtext",
      "required": true,
      "pluginOptions": {}
    },
    "image": {
      "type": "media",
      "multiple": false,
      "required": true,
      "allowedTypes": [
        "images",
        "files"
      ],
      "pluginOptions": {}
    },
    "user": {
      "type": "relation",
      "relation": "manyToOne",
      "target": "plugin::users-permissions.user",
      "inversedBy": "scans"
    }
  }
}
