{
  "kind": "collectionType",
  "collectionName": "dynamic_pages",
  "info": {
    "singularName": "dynamic-page",
    "pluralName": "dynamic-pages",
    "displayName": "DynamicPage",
    "description": ""
  },
  "options": {
    "draftAndPublish": true
  },
  "pluginOptions": {
    "i18n": {
      "localized": true
    }
  },
  "attributes": {
    "title": {
      "type": "string",
      "required": true,
      "pluginOptions": {
        "i18n": {
          "localized": true
        }
      }
    },
    "url": {
      "type": "string",
      "required": true,
      "unique": true,
      "pluginOptions": {
        "i18n": {
          "localized": false
        }
      }
    },
    "md": {
      "type": "richtext",
      "pluginOptions": {
        "i18n": {
          "localized": true
        }
      }
    }
  }
}
